{
    "ELBO": 335.92346252441405,
    "log_likelihood": 251.89035542044206,
    "train_loss": [
        -48.82422706222534,
        -31.780230518341064
    ],
    "val_loss": [
        419.80206695556643,
        336.23397552490235
    ]
}